id,name,category,type,calories,protein,fat,saturated_fat,carbs,sugar,fiber,sodium,vitamin_a,vitamin_c,calcium,iron,image_url,description
1,Momo,Dumpling,Traditional,250,12.5,8.2,2.1,35.6,3.2,2.8,680,120,8.5,45,2.3,momo.jpg,Steamed dumplings filled with meat or vegetables
2,Dal Bhat,Main Course,Traditional,420,18.3,6.8,1.5,72.4,5.6,8.9,580,350,12.3,95,4.5,dal-bhat.jpg,Traditional Nepali meal with lentil soup and rice
3,Sel Roti,Dessert,Traditional,380,6.2,18.5,4.2,52.3,22.6,1.2,320,50,2.1,35,1.8,sel-roti.jpg,Traditional ring-shaped sweet bread
4,Dhido,Main Course,Traditional,340,8.5,2.1,0.4,78.2,2.3,6.5,15,80,0.5,25,2.1,dhido.jpg,Traditional thick porridge made from buckwheat or millet
5,Gundruk,Side Dish,Traditional,35,3.2,0.3,0.1,6.8,1.2,3.5,950,450,85.3,120,3.8,gundruk.jpg,Fermented leafy green vegetables
6,Sukuti,Snack,Traditional,320,52.3,12.5,4.8,0.8,0.2,0,1250,20,0,15,5.2,sukuti.jpg,Dried meat jerky
7,Choyla,Appetizer,Traditional,280,35.6,14.2,3.5,3.2,1.1,0.8,680,85,3.2,20,3.5,choyla.jpg,Spiced grilled meat dish
8,Bara,Snack,Traditional,220,12.3,8.5,1.2,28.6,2.5,4.2,420,65,2.8,85,2.8,bara.jpg,Lentil pancake from Newari cuisine
9,Yomari,Dessert,Traditional,340,5.8,8.2,3.5,62.5,28.3,1.5,180,40,1.2,45,1.5,yomari.jpg,Sweet dumpling with molasses and sesame seeds
10,Kheer,Dessert,Traditional,280,8.5,9.2,5.2,42.3,25.6,0.5,120,180,2.5,250,0.8,kheer.jpg,Rice pudding with milk and sugar
11,Chatamari,Snack,Traditional,260,10.5,9.8,2.3,35.2,3.5,3.2,520,120,8.5,65,2.2,chatamari.jpg,Newari pizza made with rice flour
12,Juju Dhau,Dessert,Traditional,220,9.2,12.5,7.8,18.5,16.2,0,85,150,3.2,320,0.3,juju-dhau.jpg,King of yogurt from Bhaktapur
13,Aloo Tama,Side Dish,Traditional,180,4.5,8.2,1.8,25.6,3.8,4.5,620,95,18.5,35,1.8,aloo-tama.jpg,Potato and bamboo shoot curry
14,Kwati,Soup,Traditional,320,18.5,6.2,1.2,48.5,4.2,12.3,480,280,15.6,120,5.2,kwati.jpg,Mixed bean soup
15,Sinki,Side Dish,Traditional,42,2.8,0.5,0.1,8.2,1.5,3.8,890,380,62.3,95,3.2,sinki.jpg,Fermented radish tap root
16,Chhurpi,Snack,Traditional,380,42.5,22.3,14.2,8.5,6.2,0,920,250,0,850,0.5,chhurpi.jpg,Traditional yak cheese
17,Thukpa,Soup,Traditional,380,15.6,12.3,3.2,52.3,4.5,3.5,980,180,12.5,45,2.8,thukpa.jpg,Tibetan noodle soup
18,Tingmo,Bread,Traditional,240,7.2,2.5,0.5,48.5,2.1,2.2,380,0,0,25,1.8,tingmo.jpg,Tibetan steamed bread
19,Laphing,Snack,Traditional,120,2.5,3.2,0.5,22.3,2.8,1.2,720,45,8.5,15,0.8,laphing.jpg,Cold mung bean noodle dish
20,Samay Baji,Main Course,Traditional,450,22.3,18.5,4.5,52.6,5.2,6.8,820,220,15.3,85,4.2,samay-baji.jpg,Traditional Newari feast platter
21,Kachila,Appetizer,Traditional,240,32.5,11.2,3.8,2.5,0.8,0.5,580,120,5.2,25,3.8,kachila.jpg,Raw minced buffalo meat with spices
22,Bhakka,Snack,Traditional,380,22.5,15.2,4.2,38.5,3.2,4.5,520,85,3.5,120,3.2,bhakka.jpg,Steamed rice flour cake with meat
23,Pani Puri,Snack,Street,120,2.5,4.2,0.8,18.5,3.2,1.5,480,20,8.5,15,0.8,panipuri.jpg,Crispy hollow puri with flavored water
24,Sekuwa,Appetizer,Traditional,320,38.5,16.8,4.5,2.8,1.2,0.8,720,95,4.5,20,4.2,sekuwa.jpg,Grilled meat skewers
25,Bhuttan,Snack,Traditional,180,5.2,8.5,1.5,22.3,2.8,3.2,420,65,3.2,35,1.5,bhuttan.jpg,Fried intestines
26,Aloo Achar,Side Dish,Traditional,95,1.8,5.2,0.8,11.5,3.5,2.2,580,120,25.3,20,1.2,aloo-achar.jpg,Spicy potato pickle
27,Masaura,Side Dish,Traditional,220,12.5,8.2,1.5,28.6,3.2,5.8,480,180,8.5,85,3.5,masaura.jpg,Sun-dried lentil balls curry
28,Pharsi ko Munta,Side Dish,Traditional,120,2.5,4.8,0.8,18.5,8.5,3.2,320,850,18.5,45,1.8,pharsi-ko-munta.jpg,Pumpkin vine shoots curry
29,Titaura,Snack,Traditional,60,0.5,0.2,0,14.8,12.5,1.2,1820,120,45.2,15,0.5,titaura.jpg,Sweet and sour dried fruit candy
30,Pustakari,Dessert,Traditional,320,6.8,12.5,3.5,48.5,22.3,2.5,280,95,3.5,65,1.8,pustakari.jpg,Traditional layered sweet
31,Pizza,Fast Food,Modern,285,12.3,11.5,4.8,35.2,4.2,2.5,720,180,8.5,220,2.5,pizza.jpg,Italian flatbread with toppings
32,Burger,Fast Food,Modern,520,28.5,28.2,10.5,42.3,8.5,3.2,980,120,5.2,120,4.5,burger.jpg,Sandwich with meat patty
33,Pasta,Main Course,Modern,380,14.5,12.8,3.5,52.3,5.2,3.8,620,220,12.5,85,2.8,pasta.jpg,Italian noodle dish with sauce
34,French Fries,Side Dish,Modern,320,3.5,16.8,2.5,42.5,0.8,3.8,280,0,12.5,15,1.2,french-fries.jpg,Deep fried potato strips
35,Fried Chicken,Main Course,Modern,420,32.5,25.8,6.8,18.5,0.5,1.2,880,85,0,25,2.5,fried-chicken.jpg,Breaded and deep fried chicken
36,Sandwich,Snack,Modern,280,12.5,10.2,3.2,35.8,4.5,3.5,620,120,8.5,85,2.2,sandwich.jpg,Bread with various fillings
37,Hot Dog,Fast Food,Modern,380,14.2,22.5,8.5,32.5,6.8,2.2,920,0,2.5,35,2.8,hot-dog.jpg,Sausage in a bun
38,Sushi,Main Course,Modern,220,8.5,4.2,0.8,38.5,2.5,1.8,680,180,3.5,25,1.5,sushi.jpg,Japanese rice and seafood dish
39,Tacos,Fast Food,Modern,320,18.5,15.8,5.2,28.5,3.2,4.5,720,220,12.5,120,3.2,tacos.jpg,Mexican filled tortilla
40,Burrito,Fast Food,Modern,480,22.5,18.2,6.5,58.5,4.8,8.5,980,320,15.5,180,4.5,burrito.jpg,Wrapped Mexican dish
41,Noodles,Main Course,Modern,380,10.5,14.2,2.8,52.3,3.5,2.5,820,65,5.2,35,2.2,noodles.jpg,Asian style pasta dish
42,Chow Mein,Main Course,Modern,420,12.8,18.5,3.5,48.5,5.2,3.2,920,120,8.5,45,2.8,chowmein.jpg,Stir-fried noodles
43,Spring Roll,Snack,Modern,180,5.2,8.5,1.5,22.3,2.5,1.8,520,85,3.5,25,1.5,spring-roll.jpg,Deep fried wrapped appetizer
44,Donut,Dessert,Modern,380,5.2,20.5,8.5,48.5,22.5,1.5,420,0,0,25,1.8,donut.jpg,Sweet fried dough pastry
45,Pancake,Breakfast,Modern,320,8.5,12.5,5.2,45.8,12.5,2.2,580,180,3.5,120,2.2,pancake.jpg,Flat cake cooked on griddle
46,Waffle,Breakfast,Modern,380,8.8,15.2,6.5,52.3,18.5,2.5,620,220,2.8,95,2.8,waffle.jpg,Batter cooked in waffle iron
47,Croissant,Breakfast,Modern,420,8.5,22.5,12.5,48.5,8.5,2.8,480,250,0,35,2.5,croissant.jpg,French buttery pastry
48,Bagel,Breakfast,Modern,280,10.5,2.5,0.5,55.8,5.2,3.5,520,0,0,25,3.2,bagel.jpg,Ring shaped bread
49,Wrap,Fast Food,Modern,350,18.5,12.8,3.8,42.5,4.2,4.5,720,180,12.5,85,2.8,wrap.jpg,Tortilla with fillings
50,Quesadilla,Fast Food,Modern,420,20.5,22.5,10.5,38.5,3.5,3.2,880,220,5.2,320,2.5,quesadilla.jpg,Grilled tortilla with cheese
51,Caesar Salad,Salad,Modern,180,8.5,12.5,3.5,10.5,3.2,3.8,520,420,15.5,120,2.2,caesar-salad.jpg,Romaine lettuce with caesar dressing
52,Club Sandwich,Snack,Modern,420,25.5,18.5,5.5,38.5,4.5,3.2,980,180,8.5,120,3.2,club-sandwich.jpg,Multi-layered sandwich
53,Garlic Bread,Side Dish,Modern,280,6.5,12.5,3.5,35.8,2.5,2.2,520,85,2.5,45,2.2,garlic-bread.jpg,Toasted bread with garlic butter
54,Chicken Wings,Appetizer,Modern,380,28.5,25.8,7.2,8.5,2.5,0.5,920,120,3.5,25,2.2,chicken-wings.jpg,Fried or grilled chicken wings
55,Nachos,Snack,Modern,480,12.5,28.5,10.5,48.5,3.5,5.8,980,220,12.5,280,2.8,nachos.jpg,Tortilla chips with toppings
56,Fish and Chips,Main Course,Modern,520,22.5,28.5,4.5,48.5,2.5,3.8,820,85,12.5,45,2.5,fish-and-chips.jpg,Battered fish with fries
57,Steak,Main Course,Modern,450,58.5,22.5,8.5,0,0,0,120,0,0,15,4.5,steak.jpg,Grilled beef cut
58,Lasagna,Main Course,Modern,480,25.5,22.5,10.5,42.5,8.5,3.5,920,380,15.5,380,3.8,lasagna.jpg,Layered pasta dish
59,Ramen,Soup,Modern,480,15.5,18.5,6.5,62.5,4.5,2.5,1820,120,5.5,45,3.2,ramen.jpg,Japanese noodle soup
60,Shawarma,Fast Food,Modern,420,28.5,18.5,5.5,38.5,4.5,3.5,980,180,12.5,85,3.8,shawarma.jpg,Middle Eastern wrapped meat
61,Khaja,Dessert,Traditional,420,6.5,22.5,5.2,52.3,18.5,2.2,320,45,1.5,35,1.8,,Traditional layered sweet pastry
62,Lakhamari,Dessert,Traditional,380,5.8,18.5,4.5,48.5,15.5,1.8,280,0,0,25,1.5,,Traditional Newari sweet bread
63,Sikarni,Dessert,Traditional,280,12.5,15.2,8.5,28.5,22.5,0.5,95,180,3.5,380,0.5,,Sweet yogurt dessert with nuts
64,Pukala,Snack,Traditional,380,22.5,18.5,4.2,32.5,2.5,4.8,620,85,3.2,120,3.5,,Fried meat dish
65,Ghiraula,Vegetable,Traditional,25,0.8,0.2,0,5.8,2.5,1.8,5,120,15.5,20,0.5,,Smooth gourd vegetable
66,Iskus,Vegetable,Traditional,20,0.5,0.1,0,4.8,2.2,2.5,2,85,12.5,15,0.3,,Chayote squash
67,Tarul,Vegetable,Traditional,95,1.2,0.2,0,22.5,0.8,1.5,8,0,8.5,15,0.5,,Yam vegetable
68,Phapar,Grain,Traditional,340,13.5,3.2,0.8,62.5,2.5,10.5,10,0,0,18,2.2,,Buckwheat grain
69,Kodo,Grain,Traditional,380,7.5,1.5,0.3,82.5,2.2,8.5,5,0,0,350,3.5,,Finger millet
70,Junelo,Grain,Traditional,350,8.5,1.8,0.4,78.5,1.8,3.5,12,0,0,25,5.2,,Sorghum grain
71,Bhyakur,Snack,Traditional,320,3.5,12.5,2.5,48.5,3.5,4.5,420,0,0,25,1.8,,Deep fried flour spirals
72,Fulaura,Snack,Traditional,280,5.2,10.5,2.2,42.5,2.8,2.5,380,0,0,20,1.5,,Fried lentil balls
73,Nimki,Snack,Traditional,480,8.5,28.5,5.5,52.5,2.5,2.8,620,0,0,35,2.2,,Diamond shaped fried snack
74,Pappadum,Snack,Traditional,52,3.2,0.3,0.1,8.5,0.5,1.2,580,0,0,15,0.8,,Thin crispy wafer
75,Beaten Rice,Breakfast,Traditional,350,6.5,1.2,0.3,82.5,1.5,2.8,15,0,0,20,6.5,,Flattened rice flakes
76,Sattu,Drink,Traditional,380,22.5,5.8,1.2,65.5,3.5,12.5,35,0,5.5,45,5.8,,Roasted gram flour drink
77,Lassi,Drink,Traditional,120,5.2,4.5,2.8,15.5,14.5,0,85,120,2.5,220,0.2,,Yogurt based drink
78,Tongba,Drink,Traditional,85,1.2,0,0,5.5,2.5,0.5,10,0,0,15,0.2,,Fermented millet drink
79,Raksi,Drink,Traditional,220,0,0,0,0,0,0,5,0,0,10,0.1,,Traditional distilled alcohol
80,Chyang,Drink,Traditional,120,2.5,0.2,0,8.5,4.5,1.5,25,0,0,35,0.5,,Rice beer
81,Marpha,Drink,Traditional,95,0.5,0,0,6.5,5.5,0.5,8,0,2.5,12,0.2,,Apple brandy
82,Bael Juice,Drink,Traditional,85,1.5,0.5,0,20.5,15.5,3.5,15,85,60.5,55,0.5,,Wood apple juice
83,Rhododendron Juice,Drink,Traditional,65,0.5,0.2,0,16.5,14.5,0.8,10,45,85.5,25,0.3,,Flower juice
84,Amala Juice,Drink,Traditional,45,0.8,0.3,0,10.5,8.5,4.5,5,25,445.5,35,0.5,,Indian gooseberry juice
85,Bhang Lassi,Drink,Traditional,180,6.5,8.5,4.5,18.5,15.5,0.5,95,150,3.5,280,0.3,,Cannabis infused yogurt drink
86,Paneer,Dairy,Modern,320,25.5,22.5,14.5,3.5,3.5,0,620,280,0,680,0.5,,Indian cottage cheese
87,Kulfi,Dessert,Modern,220,5.5,10.5,6.5,28.5,24.5,0.5,85,180,1.5,180,0.3,,Indian ice cream
88,Gulab Jamun,Dessert,Modern,380,5.2,12.5,5.5,62.5,45.5,1.2,280,85,1.2,95,1.2,,Sweet milk balls in syrup
89,Rasgulla,Dessert,Modern,220,4.5,2.5,1.5,45.5,42.5,0,125,45,0.8,120,0.5,,Sweet cheese balls in syrup
90,Jalebi,Dessert,Modern,420,3.5,15.5,3.5,68.5,48.5,0.8,185,0,1.5,25,1.2,,Sweet pretzel shaped dessert
91,Barfi,Dessert,Modern,380,8.5,15.5,9.5,52.5,45.5,1.5,120,220,0,280,0.8,,Sweet condensed milk squares
92,Ladoo,Dessert,Modern,420,10.5,18.5,6.5,58.5,38.5,3.5,85,120,2.5,85,2.5,,Sweet round balls
93,Peda,Dessert,Modern,380,7.5,14.5,8.5,56.5,48.5,0.5,95,180,0,220,0.5,,Sweet milk fudge
94,Halwa,Dessert,Modern,480,5.5,22.5,8.5,68.5,42.5,2.5,220,250,3.5,45,1.8,,Sweet dense confection
95,Pakoda,Snack,Modern,380,8.5,22.5,3.5,38.5,2.5,3.5,520,85,8.5,45,2.2,,Deep fried fritters
96,Samosa,Snack,Modern,320,5.5,18.5,3.2,35.5,2.8,3.2,480,120,5.5,25,1.8,,Triangular fried pastry
97,Kachori,Snack,Modern,380,8.5,20.5,4.5,42.5,2.5,4.5,620,65,2.5,35,2.5,,Round fried pastry
98,Bhel Puri,Snack,Modern,180,4.5,6.5,1.2,28.5,3.5,2.8,520,45,12.5,25,1.5,,Puffed rice mixture
99,Dosa,Breakfast,Modern,220,5.5,8.5,1.5,32.5,2.5,2.2,420,0,0,20,1.8,,Fermented crepe
100,Idli,Breakfast,Modern,120,3.5,0.5,0.1,25.5,1.5,1.8,380,0,0,15,1.2,,Steamed rice cakes
101,Vada,Snack,Modern,280,8.5,15.5,2.5,28.5,2.2,3.5,480,0,2.5,25,2.2,,Fried lentil donuts
102,Upma,Breakfast,Modern,220,5.5,8.5,1.5,32.5,2.5,2.8,420,85,5.5,20,1.5,,Semolina porridge
103,Poha,Breakfast,Modern,250,4.5,8.5,1.2,38.5,3.5,2.5,380,120,15.5,15,2.8,,Flattened rice dish
104,Paratha,Breakfast,Modern,320,8.5,12.5,3.5,45.5,2.5,3.8,520,120,2.5,45,3.2,,Layered flatbread
105,Chapati,Bread,Modern,120,3.5,0.8,0.2,25.5,1.5,2.8,180,0,0,15,1.8,,Whole wheat flatbread
106,Naan,Bread,Modern,280,8.5,5.5,1.5,48.5,3.5,2.2,420,0,0,85,2.5,,Leavened flatbread
107,Puri,Bread,Modern,220,3.5,12.5,2.2,25.5,1.5,1.8,320,0,0,15,1.5,,Deep fried bread
108,Bhatura,Bread,Modern,380,8.5,18.5,3.5,48.5,2.5,2.2,480,0,0,45,2.8,,Large fried bread
109,Roti,Bread,Modern,110,3.2,0.5,0.1,23.5,1.2,2.5,150,0,0,12,1.5,,Unleavened flatbread
110,Tandoori Chicken,Main Course,Modern,280,42.5,11.5,3.2,2.5,1.5,0.8,680,220,3.5,35,2.5,,Clay oven roasted chicken
111,Butter Chicken,Main Course,Modern,420,28.5,30.5,15.5,8.5,5.5,1.5,820,480,4.5,120,2.8,,Creamy tomato chicken curry
112,Chicken Tikka,Appetizer,Modern,220,35.5,8.5,2.2,2.8,1.8,0.5,580,180,2.5,25,2.2,,Grilled chicken chunks
113,Biryani,Main Course,Modern,480,22.5,18.5,5.5,58.5,3.5,2.8,920,220,5.5,85,3.5,,Layered rice and meat dish
114,Pulao,Main Course,Modern,380,8.5,12.5,3.5,62.5,3.2,2.5,680,120,3.5,45,2.2,,Seasoned rice dish
115,Korma,Main Course,Modern,380,18.5,28.5,12.5,12.5,6.5,2.5,720,320,3.5,95,2.5,,Creamy braised meat curry
116,Vindaloo,Main Course,Modern,320,28.5,18.5,5.5,8.5,3.5,2.2,880,280,8.5,45,3.5,,Spicy Goan curry
117,Jalfrezi,Main Course,Modern,280,22.5,15.5,4.2,12.5,5.5,3.5,720,220,12.5,55,2.8,,Stir fried curry
118,Rogan Josh,Main Course,Modern,380,32.5,25.5,8.5,5.5,3.5,1.8,820,180,2.5,45,3.8,,Kashmiri lamb curry
119,Saag,Side Dish,Modern,180,8.5,12.5,5.5,8.5,2.5,4.5,520,680,85.5,280,5.5,,Leafy greens curry
120,Paneer Tikka,Appetizer,Modern,320,18.5,22.5,12.5,8.5,4.5,1.5,680,220,2.5,420,1.2,,Grilled cottage cheese
121,Aloo Gobi,Side Dish,Modern,180,3.5,8.5,1.2,24.5,3.5,3.8,420,85,48.5,35,1.5,,Potato cauliflower curry
122,Palak Paneer,Main Course,Modern,280,15.5,20.5,11.5,8.5,3.5,3.2,620,580,45.5,380,4.5,,Spinach cottage cheese curry
123,Chana Masala,Main Course,Modern,220,8.5,6.5,0.8,32.5,5.5,8.5,480,120,15.5,65,3.5,,Chickpea curry
124,Dal Makhani,Main Course,Modern,320,12.5,18.5,10.5,28.5,4.5,7.5,620,280,3.5,85,4.2,,Creamy black lentils
125,Rajma,Main Course,Modern,280,10.5,8.5,1.5,38.5,4.8,9.5,520,85,8.5,95,4.8,,Kidney bean curry
126,Kadai Paneer,Main Course,Modern,320,16.5,24.5,13.5,10.5,5.5,2.5,680,280,12.5,450,1.5,,Wok fried cottage cheese
127,Malai Kofta,Main Course,Modern,420,12.5,32.5,15.5,22.5,8.5,3.5,720,320,4.5,180,2.2,,Creamy dumpling curry
128,Shahi Paneer,Main Course,Modern,380,14.5,28.5,16.5,15.5,8.5,2.2,680,380,3.5,420,1.2,,Royal cottage cheese curry
129,Baingan Bharta,Side Dish,Modern,180,2.5,12.5,2.2,15.5,5.5,4.5,420,120,12.5,25,1.2,,Roasted eggplant curry
130,Bhindi Masala,Side Dish,Modern,120,2.2,6.5,1.2,14.5,3.5,3.8,380,85,22.5,82,1.2,,Okra stir fry
131,Mixed Vegetable,Side Dish,Modern,150,3.5,6.5,1.2,20.5,4.5,4.2,420,220,18.5,45,1.5,,Mixed vegetable curry
132,Jeera Rice,Side Dish,Modern,220,4.5,4.5,1.2,42.5,1.5,1.8,320,0,0,15,1.8,,Cumin flavored rice
133,Saffron Rice,Side Dish,Modern,240,4.2,5.5,1.5,45.5,2.2,1.5,280,85,0,20,1.5,,Saffron flavored rice
134,Lemon Rice,Side Dish,Modern,250,5.5,8.5,1.5,38.5,2.5,2.2,420,45,12.5,25,2.2,,Lemon flavored rice
135,Curd Rice,Side Dish,Modern,180,6.5,3.5,1.8,32.5,4.5,1.5,380,85,2.5,120,1.2,,Yogurt rice
136,Raita,Side Dish,Modern,85,3.5,4.5,2.8,8.5,6.5,1.2,320,120,8.5,120,0.5,,Yogurt condiment
137,Chutney,Condiment,Modern,45,1.2,2.5,1.5,5.5,3.5,1.8,280,85,25.5,20,0.8,,Ground sauce or paste
138,Pickle,Condiment,Modern,85,1.5,6.5,1.2,6.5,2.5,2.2,1820,120,18.5,35,1.2,,Preserved vegetables
139,Achaar,Condiment,Traditional,95,1.8,7.5,1.5,7.5,3.2,2.5,2120,180,22.5,42,1.5,,Nepali pickle
140,Papad,Side Dish,Modern,45,2.8,0.2,0,7.5,0.3,0.8,520,0,0,12,0.5,,Thin crispy disc
141,Chana Chaat,Snack,Modern,220,8.5,6.5,1.2,32.5,4.5,7.5,520,120,15.5,65,3.2,,Chickpea salad
142,Aloo Chaat,Snack,Modern,180,2.5,8.5,1.2,24.5,3.5,2.8,480,85,22.5,20,1.2,,Spicy potato snack
143,Dahi Vada,Snack,Modern,220,8.5,8.5,3.5,28.5,8.5,2.5,420,85,3.5,180,1.8,,Lentil dumplings in yogurt
144,Raj Kachori,Snack,Modern,380,8.5,18.5,3.5,48.5,8.5,4.5,620,120,8.5,85,2.5,,Large stuffed puri
145,Papri Chaat,Snack,Modern,280,6.5,12.5,2.5,38.5,6.5,3.2,580,85,12.5,65,1.8,,Crispy wafer chaat
146,Sev Puri,Snack,Modern,220,5.5,10.5,2.2,28.5,4.5,2.8,520,65,8.5,35,1.5,,Puri topped with sev
147,Dabeli,Snack,Modern,320,6.5,12.5,2.5,48.5,12.5,3.5,580,120,15.5,45,2.2,,Spiced potato sandwich
148,Vada Pav,Snack,Modern,380,8.5,18.5,3.5,48.5,4.5,3.8,620,85,8.5,45,2.5,,Potato fritter sandwich
149,Pav Bhaji,Snack,Modern,420,10.5,18.5,8.5,58.5,8.5,5.5,880,320,22.5,85,3.5,,Mashed vegetable with bread
150,Misal Pav,Snack,Modern,380,12.5,12.5,2.5,58.5,5.5,8.5,720,180,15.5,95,4.5,,Sprouted bean curry with bread
151,Chole Bhature,Main Course,Modern,520,15.5,22.5,4.5,68.5,5.5,9.5,820,120,12.5,120,5.5,,Chickpea curry with fried bread
152,Poori Bhaji,Breakfast,Modern,420,8.5,20.5,3.5,52.5,4.5,4.5,680,120,18.5,45,2.8,,Fried bread with potato curry
153,Masala Dosa,Breakfast,Modern,380,8.5,12.5,2.5,58.5,3.5,3.5,620,120,12.5,45,2.5,,Crepe with potato filling
154,Rava Dosa,Breakfast,Modern,320,6.5,10.5,2.2,48.5,2.8,2.2,580,65,8.5,35,1.8,,Semolina crepe
155,Uttapam,Breakfast,Modern,280,7.5,8.5,1.8,42.5,3.5,2.8,520,120,15.5,55,2.2,,Thick pancake with toppings
156,Medu Vada,Breakfast,Modern,260,8.2,14.5,2.2,26.5,1.8,3.2,460,0,1.5,22,2.1,,South Indian lentil donut
157,Pesarattu,Breakfast,Modern,240,10.5,6.5,1.2,35.5,2.2,5.5,420,85,3.5,65,3.5,,Green gram crepe
158,Appam,Breakfast,Modern,180,3.5,4.5,2.5,32.5,3.5,1.5,280,0,0,35,0.8,,Fermented rice pancake
159,Puttu,Breakfast,Modern,220,4.5,6.5,4.5,38.5,2.5,2.2,180,0,0,20,1.5,,Steamed rice cylinder
160,Idiappam,Breakfast,Modern,240,4.2,5.5,3.5,45.5,2.2,2.5,220,0,0,18,1.2,,String hoppers
161,Kadhi,Main Course,Modern,180,6.5,10.5,2.5,15.5,6.5,2.2,520,85,8.5,180,1.2,,Yogurt based curry
162,Sambhar,Side Dish,Modern,120,5.5,3.5,0.5,18.5,4.5,4.5,480,220,18.5,45,2.5,,Lentil vegetable stew
163,Rasam,Soup,Modern,65,2.2,1.5,0.3,10.5,3.5,1.8,520,85,25.5,25,1.2,,Tangy soup
164,Avial,Side Dish,Modern,180,3.5,12.5,8.5,15.5,3.5,3.8,320,180,15.5,45,1.5,,Mixed vegetable in coconut
165,Thoran,Side Dish,Modern,120,2.5,8.5,6.5,10.5,2.5,3.2,280,120,12.5,35,1.2,,Dry vegetable with coconut
166,Poriyal,Side Dish,Modern,140,3.2,8.5,2.2,14.5,3.5,3.5,380,85,18.5,42,1.5,,Stir fried vegetables
167,Kootu,Side Dish,Modern,160,5.5,6.5,1.5,20.5,3.8,4.2,420,120,15.5,55,2.2,,Lentil vegetable stew
168,Pachadi,Side Dish,Modern,95,3.5,5.5,3.5,9.5,5.5,1.5,320,85,12.5,120,0.5,,Vegetable in yogurt
169,Olan,Side Dish,Modern,140,2.5,10.5,8.5,11.5,3.5,2.8,280,220,8.5,35,1.2,,Ash gourd in coconut milk
170,Erissery,Side Dish,Modern,220,6.5,12.5,9.5,24.5,4.5,4.8,320,520,6.5,65,2.5,,Pumpkin and beans curry
171,Fish Curry,Main Course,Modern,280,28.5,16.5,5.5,8.5,3.5,1.5,620,180,12.5,45,2.2,,Spiced fish in gravy
172,Prawn Curry,Main Course,Modern,320,32.5,18.5,6.5,10.5,4.5,1.8,720,220,8.5,85,3.5,,Spiced prawns in gravy
173,Crab Curry,Main Course,Modern,380,35.5,22.5,7.5,12.5,5.5,2.2,820,280,6.5,120,4.5,,Spiced crab in gravy
174,Egg Curry,Main Course,Modern,280,15.5,20.5,5.5,8.5,3.5,1.5,520,420,3.5,55,2.8,,Boiled eggs in gravy
175,Keema,Main Course,Modern,380,32.5,25.5,8.5,5.5,2.5,1.8,720,180,8.5,45,4.5,,Minced meat curry
176,Kofta,Main Course,Modern,420,22.5,32.5,10.5,12.5,4.5,2.5,820,220,5.5,85,3.8,,Meatball curry
177,Seekh Kebab,Appetizer,Modern,320,28.5,22.5,7.5,3.5,1.5,1.2,680,120,3.5,35,3.5,,Grilled minced meat skewer
178,Shammi Kebab,Appetizer,Modern,280,22.5,18.5,5.5,8.5,2.5,2.8,620,85,2.5,45,3.2,,Pan fried meat patty
179,Galouti Kebab,Appetizer,Modern,380,35.5,25.5,8.5,4.5,1.8,1.5,720,180,2.2,55,4.2,,Melt in mouth kebab
180,Reshmi Kebab,Appetizer,Modern,240,38.5,9.5,2.5,2.5,1.5,0.8,580,120,1.8,25,2.8,,Silky chicken kebab
181,Hariyali Kebab,Appetizer,Modern,220,35.5,8.5,2.2,3.5,2.5,1.5,620,320,12.5,45,3.2,,Green herb chicken kebab
182,Tangdi Kebab,Appetizer,Modern,380,42.5,22.5,6.5,4.5,2.5,1.2,720,180,3.5,45,3.8,,Chicken drumstick kebab
183,Fish Tikka,Appetizer,Modern,220,32.5,9.5,2.2,3.5,1.8,0.8,580,120,3.5,35,2.5,,Grilled fish chunks
184,Prawn Tikka,Appetizer,Modern,240,35.5,10.5,2.5,4.5,2.2,1.2,620,180,2.5,85,3.5,,Grilled prawns
185,Mutton Curry,Main Course,Modern,420,38.5,28.5,9.5,5.5,3.5,1.5,820,220,4.5,55,4.8,,Goat meat curry
186,Chicken Curry,Main Course,Modern,320,32.5,18.5,5.5,8.5,4.5,1.8,720,180,5.5,45,2.8,,Spiced chicken in gravy
187,Duck Curry,Main Course,Modern,380,35.5,25.5,7.5,6.5,3.8,1.5,780,280,3.5,55,5.2,,Spiced duck in gravy
188,Pork Curry,Main Course,Modern,420,32.5,30.5,10.5,5.5,2.5,1.2,820,120,2.5,35,3.5,,Spiced pork in gravy
189,Beef Curry,Main Course,Modern,450,42.5,30.5,11.5,4.5,2.2,1.5,880,85,1.5,25,5.5,,Spiced beef in gravy
190,Quail Curry,Main Course,Modern,280,38.5,13.5,3.5,3.5,2.2,0.8,620,220,3.5,65,4.5,,Spiced quail in gravy
191,Rabbit Curry,Main Course,Modern,320,42.5,15.5,4.5,4.5,2.5,1.2,680,180,2.5,45,5.2,,Spiced rabbit in gravy
192,Lamb Chops,Main Course,Modern,520,48.5,35.5,15.5,2.5,1.5,0.5,820,120,0,35,4.8,,Grilled lamb chops
193,Pork Chops,Main Course,Modern,480,38.5,35.5,12.5,2.2,1.2,0.3,780,85,0.5,25,3.2,,Grilled pork chops
194,Chicken Roast,Main Course,Modern,380,45.5,20.5,5.5,3.5,2.5,0.8,720,220,2.5,35,3.5,,Roasted whole chicken
195,Turkey Roast,Main Course,Modern,420,52.5,22.5,6.5,2.5,1.8,0.5,820,180,0,45,4.5,,Roasted turkey
196,Fish Fry,Main Course,Modern,320,28.5,20.5,3.5,8.5,1.5,0.8,620,85,2.5,35,2.2,,Pan fried fish
197,Prawn Fry,Main Course,Modern,340,32.5,22.5,4.5,6.5,1.8,1.2,680,120,1.5,95,3.8,,Pan fried prawns
198,Chicken 65,Appetizer,Modern,420,28.5,28.5,5.5,12.5,2.5,1.5,820,180,3.5,45,3.2,,Spicy fried chicken
199,Chilli Chicken,Appetizer,Modern,380,32.5,22.5,4.5,10.5,5.5,1.8,880,220,12.5,55,3.5,,Indo-Chinese chicken
200,Manchurian,Appetizer,Modern,320,8.5,18.5,3.5,32.5,8.5,2.5,920,180,8.5,65,2.2,,Indo-Chinese dumplings
201,Hakka Noodles,Main Course,Modern,420,10.5,15.5,2.8,62.5,5.5,3.2,980,120,12.5,45,2.5,,Indo-Chinese noodles
202,Szechuan Rice,Main Course,Modern,380,8.5,12.5,2.2,58.5,4.5,2.8,920,85,8.5,35,2.2,,Spicy Indo-Chinese rice
203,Soup,Soup,Modern,85,3.5,2.5,0.8,12.5,2.5,1.5,620,120,8.5,25,0.8,,Various soups
204,Tom Yum,Soup,Modern,120,8.5,4.5,1.5,12.5,5.5,1.8,820,180,15.5,45,1.5,,Thai hot and sour soup
205,Miso Soup,Soup,Modern,65,4.5,2.5,0.5,7.5,1.5,1.2,980,85,2.5,35,1.2,,Japanese soybean soup
206,Pho,Soup,Modern,380,22.5,8.5,2.5,42.5,3.5,2.2,1280,120,8.5,45,3.5,,Vietnamese noodle soup
207,Laksa,Soup,Modern,420,18.5,22.5,12.5,38.5,5.5,3.5,980,280,12.5,85,3.8,,Malaysian curry noodle soup
208,Wonton Soup,Soup,Modern,220,12.5,8.5,2.2,22.5,2.5,1.8,820,85,5.5,45,2.2,,Chinese dumpling soup
209,Hot Pot,Main Course,Modern,480,35.5,28.5,8.5,18.5,5.5,3.5,1280,320,18.5,120,4.5,,Chinese communal soup
210,Dim Sum,Snack,Modern,280,15.5,12.5,3.5,28.5,2.5,2.2,620,120,5.5,55,2.5,,Chinese small plates
211,Bao,Snack,Modern,320,12.5,10.5,3.2,45.5,5.5,2.5,580,85,3.5,45,2.8,,Chinese steamed bun
212,Gyoza,Snack,Modern,240,10.5,8.5,2.2,28.5,2.5,1.8,620,65,4.5,35,2.2,,Japanese dumplings
213,Tempura,Appetizer,Modern,380,8.5,22.5,3.5,35.5,2.5,1.5,520,45,2.5,25,1.8,,Japanese battered and fried
214,Teriyaki,Main Course,Modern,320,28.5,12.5,3.5,18.5,12.5,0.8,980,120,3.5,35,2.5,,Japanese glazed dish
215,Yakitori,Appetizer,Modern,220,25.5,12.5,3.5,2.5,2.5,0.5,680,85,1.5,20,2.2,,Japanese grilled chicken skewer
216,Sashimi,Main Course,Modern,180,28.5,6.5,1.5,0,0,0,580,280,0,15,1.2,,Japanese raw fish
217,Bibimbap,Main Course,Modern,480,18.5,15.5,3.5,68.5,5.5,4.5,920,420,22.5,120,4.2,,Korean mixed rice bowl
218,Kimchi,Side Dish,Modern,25,1.5,0.3,0.1,4.5,2.2,2.5,820,120,35.5,45,1.2,,Korean fermented cabbage
219,Bulgogi,Main Course,Modern,380,35.5,22.5,7.5,10.5,8.5,0.8,820,120,3.5,35,3.8,,Korean marinated beef
220,Japchae,Side Dish,Modern,320,5.5,12.5,2.2,48.5,8.5,2.5,580,220,8.5,45,2.2,,Korean glass noodles
221,Banchan,Side Dish,Modern,85,2.5,4.5,0.8,10.5,3.5,2.8,620,180,15.5,55,1.5,,Korean side dishes
222,Tteokbokki,Snack,Modern,380,8.5,8.5,1.5,72.5,18.5,2.5,980,120,12.5,45,2.2,,Korean rice cakes
223,Pad Thai,Main Course,Modern,420,12.5,15.5,2.5,58.5,12.5,2.8,920,220,15.5,85,3.2,,Thai stir fried noodles
224,Tom Kha,Soup,Modern,180,8.5,12.5,8.5,10.5,4.5,1.5,720,120,8.5,35,1.8,,Thai coconut soup
225,Green Curry,Main Course,Modern,380,22.5,28.5,18.5,10.5,5.5,2.5,820,320,12.5,85,3.5,,Thai green curry
226,Red Curry,Main Course,Modern,360,20.5,26.5,17.5,9.5,4.5,2.2,780,280,10.5,75,3.2,,Thai red curry
227,Massaman Curry,Main Course,Modern,420,25.5,30.5,19.5,12.5,6.5,3.5,880,220,8.5,95,4.2,,Thai peanut curry
228,Som Tam,Salad,Modern,120,2.5,2.5,0.5,22.5,12.5,3.5,820,220,45.5,65,1.5,,Thai green papaya salad
229,Larb,Salad,Modern,220,28.5,10.5,3.5,8.5,3.5,2.5,720,180,22.5,45,3.2,,Thai meat salad
230,Satay,Appetizer,Modern,320,32.5,18.5,5.5,8.5,5.5,1.5,620,120,3.5,35,3.5,,Southeast Asian grilled skewer
231,Rendang,Main Course,Modern,480,38.5,32.5,18.5,8.5,4.5,2.5,820,180,5.5,65,5.2,,Indonesian spiced meat
232,Nasi Goreng,Main Course,Modern,420,12.5,18.5,3.5,52.5,4.5,2.8,920,120,8.5,45,2.8,,Indonesian fried rice
233,Gado Gado,Salad,Modern,320,12.5,22.5,4.5,20.5,6.5,5.5,680,320,18.5,120,3.5,,Indonesian salad with peanut
234,Bakso,Soup,Modern,280,18.5,12.5,3.5,22.5,2.5,1.8,920,85,5.5,45,2.8,,Indonesian meatball soup
235,Soto,Soup,Modern,320,22.5,15.5,4.5,18.5,3.5,2.2,820,180,8.5,55,3.2,,Indonesian traditional soup
236,Banh Mi,Sandwich,Modern,380,18.5,12.5,3.5,48.5,5.5,3.5,920,220,15.5,85,3.5,,Vietnamese sandwich
237,Bun Cha,Main Course,Modern,420,28.5,22.5,5.5,28.5,8.5,3.5,820,180,12.5,65,3.8,,Vietnamese grilled pork noodles
238,Goi Cuon,Appetizer,Modern,120,5.5,2.5,0.5,18.5,3.5,2.5,420,180,22.5,45,1.5,,Vietnamese spring rolls
239,Banh Xeo,Main Course,Modern,380,15.5,18.5,4.5,38.5,4.5,3.5,620,220,15.5,85,3.2,,Vietnamese crepe
240,Com Tam,Main Course,Modern,480,32.5,20.5,5.5,48.5,3.5,2.5,820,120,5.5,55,3.8,,Vietnamese broken rice
241,Adobo,Main Course,Modern,420,35.5,28.5,8.5,5.5,2.5,0.8,980,85,3.5,45,3.8,,Filipino braised dish
242,Sinigang,Soup,Modern,180,15.5,6.5,1.5,12.5,5.5,3.5,820,280,35.5,65,2.8,,Filipino sour soup
243,Lechon,Main Course,Modern,580,38.5,45.5,16.5,0,0,0,820,0,0,25,2.5,,Filipino roasted pig
244,Lumpia,Snack,Modern,280,8.5,15.5,3.5,28.5,2.5,2.2,620,120,8.5,45,2.2,,Filipino spring rolls
245,Halo Halo,Dessert,Modern,380,5.5,8.5,5.5,72.5,52.5,3.5,120,85,12.5,120,1.5,,Filipino shaved ice dessert
246,Pancit,Main Course,Modern,380,12.5,12.5,2.5,52.5,4.5,3.2,920,120,8.5,45,2.8,,Filipino noodles
247,Sisig,Appetizer,Modern,420,32.5,30.5,9.5,3.5,1.5,0.8,820,85,3.5,35,3.5,,Filipino sizzling meat
248,Kare Kare,Main Course,Modern,480,35.5,32.5,10.5,12.5,4.5,4.5,820,280,8.5,95,4.8,,Filipino oxtail stew
249,Tinola,Soup,Modern,220,28.5,8.5,2.5,8.5,3.5,2.5,620,220,18.5,45,2.5,,Filipino ginger soup
250,Balut,Snack,Modern,180,13.5,12.5,3.5,2.5,1.5,0,120,480,5.5,120,2.8,,Filipino duck egg
251,Fish Tacos,Fast Food,Modern,320,22.5,15.5,3.5,25.5,3.5,3.5,680,180,12.5,85,2.2,,Mexican fish tacos
252,Chimichanga,Fast Food,Modern,520,24.5,28.5,8.5,42.5,3.5,4.5,920,220,8.5,180,4.2,,Deep fried burrito
253,Enchilada,Main Course,Modern,380,18.5,20.5,8.5,32.5,4.5,4.2,820,320,10.5,280,3.5,,Rolled tortilla with sauce
254,Fajitas,Main Course,Modern,420,32.5,22.5,6.5,20.5,5.5,3.5,780,280,18.5,120,4.2,,Grilled meat and vegetables
255,Tamales,Main Course,Modern,280,8.5,12.5,4.5,35.5,2.5,3.8,620,120,3.5,85,2.5,,Steamed corn dough
256,Pozole,Soup,Modern,320,22.5,12.5,4.5,28.5,3.5,5.5,980,85,8.5,45,3.5,,Mexican hominy soup
257,Menudo,Soup,Modern,180,12.5,6.5,2.5,12.5,2.5,1.8,920,120,5.5,35,2.8,,Mexican tripe soup
258,Mole,Main Course,Modern,420,28.5,25.5,6.5,18.5,8.5,4.5,720,380,10.5,120,4.5,,Mexican sauce with chocolate
259,Carnitas,Main Course,Modern,380,32.5,26.5,9.5,2.5,1.5,0.5,620,0,2.5,25,2.8,,Mexican braised pork
260,Ceviche,Appetizer,Modern,120,18.5,2.5,0.5,8.5,3.5,2.5,480,85,35.5,45,1.5,,Citrus cured seafood
261,Elote,Snack,Modern,180,4.5,8.5,3.5,24.5,6.5,3.2,380,120,8.5,85,1.2,,Mexican street corn
262,Churros,Dessert,Modern,380,4.5,18.5,3.5,52.5,22.5,2.5,280,0,2.5,35,2.2,,Fried dough pastry
263,Tres Leches,Dessert,Modern,420,8.5,18.5,10.5,58.5,48.5,0.5,220,280,2.5,280,1.2,,Three milk cake
264,Flan,Dessert,Modern,280,6.5,8.5,4.5,45.5,42.5,0,120,180,1.5,120,0.8,,Caramel custard
265,Empanada,Snack,Modern,320,10.5,18.5,5.5,28.5,2.5,2.2,520,85,3.5,45,2.5,,Stuffed pastry
266,Arepa,Breakfast,Modern,220,5.5,8.5,2.5,32.5,2.5,2.8,380,85,2.5,45,2.2,,Corn cake
267,Pupusa,Main Course,Modern,280,12.5,10.5,4.5,35.5,2.5,3.5,620,120,5.5,180,2.8,,Stuffed corn tortilla
268,Ceviche,Appetizer,Modern,140,20.5,3.5,0.8,9.5,4.5,2.8,520,95,38.5,55,1.8,,Peruvian citrus seafood
269,Lomo Saltado,Main Course,Modern,480,38.5,22.5,6.5,28.5,5.5,3.5,820,220,12.5,45,4.8,,Peruvian stir fry
270,Anticucho,Appetizer,Modern,280,32.5,15.5,4.5,3.5,1.5,0.8,620,85,3.5,25,4.5,,Peruvian grilled heart
271,Causa,Appetizer,Modern,320,12.5,15.5,3.5,35.5,3.5,3.8,580,220,35.5,45,2.2,,Peruvian potato dish
272,Pisco Sour,Drink,Modern,220,2.5,0,0,18.5,16.5,0,25,0,28.5,15,0.2,,Peruvian cocktail
273,Churrasco,Main Course,Modern,520,58.5,30.5,11.5,0,0,0,180,0,0,20,5.5,,Brazilian grilled meat
274,Feijoada,Main Course,Modern,480,32.5,28.5,10.5,28.5,3.5,9.5,1020,120,8.5,120,5.8,,Brazilian black bean stew
275,Brigadeiro,Dessert,Modern,120,1.5,4.5,2.5,20.5,18.5,1.2,35,45,0,35,0.8,,Brazilian chocolate truffle
276,Pao de Queijo,Snack,Modern,180,4.5,6.5,3.5,26.5,1.5,0.8,380,85,0,85,0.5,,Brazilian cheese bread
277,Coxinha,Snack,Modern,280,15.5,15.5,3.5,22.5,2.5,1.8,520,85,2.5,35,1.8,,Brazilian chicken croquette
278,Acai Bowl,Breakfast,Modern,380,5.5,12.5,4.5,68.5,42.5,8.5,65,120,380,120,2.5,,Brazilian berry bowl
279,Caipirinha,Drink,Modern,220,0,0,0,22.5,20.5,0.5,5,0,35.5,10,0.1,,Brazilian cocktail
280,Chimichurri,Condiment,Modern,85,1.5,8.5,1.2,2.5,0.5,1.2,120,220,45.5,45,2.5,,Argentine herb sauce
281,Alfajores,Dessert,Modern,380,4.5,18.5,9.5,52.5,38.5,1.5,180,0,0,45,1.2,,Dulce de leche cookies
282,Medialunas,Breakfast,Modern,320,6.5,18.5,10.5,35.5,12.5,1.8,420,180,0,35,2.2,,Argentine croissants
283,Provoleta,Appetizer,Modern,320,28.5,22.5,14.5,2.5,2.5,0,820,280,0,680,0.5,,Grilled provolone cheese
284,Matambre,Main Course,Modern,420,48.5,24.5,8.5,2.5,1.5,0.8,720,120,3.5,35,4.2,,Stuffed flank steak
285,Locro,Stew,Modern,380,22.5,18.5,6.5,32.5,4.5,6.5,820,280,12.5,85,4.8,,Argentine corn stew
286,Humitas,Main Course,Modern,280,6.5,10.5,3.5,42.5,8.5,4.5,420,120,3.5,45,2.2,,Corn tamales
287,Pastel de Choclo,Main Course,Modern,420,22.5,20.5,6.5,38.5,12.5,3.5,720,180,8.5,85,3.5,,Corn pie
288,Sopaipilla,Snack,Modern,280,4.5,12.5,2.5,38.5,2.5,2.8,380,85,2.5,35,1.8,,Fried pumpkin bread
289,Curanto,Main Course,Modern,520,38.5,28.5,8.5,28.5,4.5,3.5,920,220,12.5,120,5.5,,Chilean seafood stew
290,Cazuela,Stew,Modern,320,28.5,12.5,3.5,22.5,5.5,4.5,720,320,18.5,65,3.8,,Chilean stew
291,Paella,Main Course,Modern,480,32.5,18.5,4.5,52.5,3.5,2.8,920,280,10.5,85,4.2,,Spanish rice dish
292,Gazpacho,Soup,Modern,85,2.5,4.5,0.8,10.5,6.5,2.5,620,180,42.5,25,1.2,,Spanish cold soup
293,Tortilla Espanola,Main Course,Modern,280,10.5,18.5,3.5,20.5,2.5,2.2,520,120,2.5,45,1.8,,Spanish potato omelet
294,Patatas Bravas,Side Dish,Modern,320,3.5,18.5,2.5,36.5,3.5,3.2,620,85,15.5,25,1.5,,Spicy Spanish potatoes
295,Croquetas,Snack,Modern,280,10.5,18.5,5.5,18.5,3.5,1.2,620,120,2.5,85,1.5,,Spanish croquettes
296,Jamon Iberico,Appetizer,Modern,220,31.5,10.5,3.5,0.5,0.5,0,1520,0,0,10,1.8,,Spanish cured ham
297,Pimientos de Padron,Appetizer,Modern,45,1.8,3.5,0.5,3.5,2.5,1.5,320,120,88.5,15,0.8,,Spanish fried peppers
298,Pulpo a la Gallega,Appetizer,Modern,180,32.5,4.5,1.2,3.5,0,0,520,85,6.5,85,8.5,,Galician octopus
299,Albondigas,Main Course,Modern,380,28.5,22.5,7.5,12.5,3.5,2.2,720,180,5.5,65,3.8,,Spanish meatballs
300,Crema Catalana,Dessert,Modern,280,5.5,12.5,7.5,38.5,32.5,0,95,280,1.5,120,0.8,,Spanish custard dessert
301,Gelato,Dessert,Modern,220,4.5,8.5,5.5,32.5,28.5,0.5,85,120,0,120,0.3,,Italian ice cream
302,Tiramisu,Dessert,Modern,380,6.5,22.5,12.5,38.5,28.5,0.8,180,280,1.5,85,1.2,,Italian coffee dessert
303,Risotto,Main Course,Modern,380,12.5,14.5,6.5,48.5,2.5,1.8,720,220,0,180,1.5,,Italian rice dish
304,Gnocchi,Main Course,Modern,320,8.5,10.5,4.5,48.5,2.5,2.8,620,85,12.5,45,1.8,,Italian potato dumplings
305,Minestrone,Soup,Modern,120,4.5,3.5,0.8,18.5,4.5,4.5,720,280,25.5,65,2.2,,Italian vegetable soup
306,Carpaccio,Appetizer,Modern,220,28.5,11.5,3.5,1.5,1.5,0.5,420,85,8.5,25,2.8,,Italian raw beef
307,Bruschetta,Appetizer,Modern,180,4.5,8.5,1.2,22.5,3.5,2.2,380,120,15.5,25,1.5,,Italian toasted bread
308,Caprese,Salad,Modern,220,12.5,18.5,8.5,5.5,4.5,1.5,420,220,18.5,220,0.8,,Italian tomato mozzarella
309,Osso Buco,Main Course,Modern,380,42.5,20.5,6.5,8.5,3.5,1.5,620,220,12.5,45,4.5,,Italian braised veal
310,Saltimbocca,Main Course,Modern,320,38.5,17.5,5.5,2.5,1.5,0.5,820,120,2.5,35,2.8,,Italian veal and prosciutto
311,Focaccia,Bread,Modern,280,6.5,10.5,1.5,40.5,2.5,2.5,520,0,0,25,2.2,,Italian flatbread
312,Calzone,Main Course,Modern,420,18.5,18.5,7.5,45.5,4.5,2.8,820,180,5.5,280,3.2,,Folded pizza
313,Stromboli,Main Course,Modern,480,22.5,25.5,9.5,42.5,3.5,2.5,980,120,3.5,220,3.5,,Rolled pizza
314,Cannoli,Dessert,Modern,320,5.5,18.5,8.5,35.5,28.5,1.2,180,85,1.5,120,1.5,,Italian pastry tubes
315,Panna Cotta,Dessert,Modern,280,3.5,22.5,14.5,18.5,17.5,0,55,320,1.2,85,0.2,,Italian custard dessert
316,Affogato,Dessert,Modern,180,2.5,8.5,5.5,22.5,20.5,0,45,120,0,65,0.3,,Ice cream with espresso
317,Arancini,Snack,Modern,380,10.5,18.5,5.5,45.5,2.5,2.2,620,120,3.5,120,2.5,,Italian rice balls
318,Polenta,Side Dish,Modern,120,2.8,0.5,0.1,26.5,1.5,1.5,320,85,0,5,0.8,,Italian cornmeal
319,Vitello Tonnato,Appetizer,Modern,280,32.5,15.5,3.5,2.5,1.5,0.5,620,85,3.5,25,2.5,,Veal with tuna sauce
320,Zabaglione,Dessert,Modern,180,4.5,5.5,2.5,22.5,20.5,0,35,120,2.5,45,1.2,,Italian custard
321,Cassoulet,Main Course,Modern,480,32.5,28.5,10.5,25.5,3.5,7.5,920,180,8.5,120,5.2,,French bean casserole
322,Coq au Vin,Main Course,Modern,420,38.5,22.5,6.5,8.5,3.5,1.5,720,220,5.5,45,3.8,,Chicken in wine sauce
323,Bouillabaisse,Soup,Modern,320,38.5,12.5,2.5,12.5,5.5,2.5,920,380,18.5,120,3.5,,French fish stew
324,Ratatouille,Side Dish,Modern,120,2.5,8.5,1.2,10.5,6.5,3.5,420,220,28.5,35,1.5,,French vegetable stew
325,Quiche,Main Course,Modern,380,14.5,28.5,12.5,18.5,3.5,1.5,620,380,2.5,220,2.2,,French savory pie
326,Croque Monsieur,Sandwich,Modern,420,22.5,25.5,12.5,28.5,3.5,1.8,920,220,2.5,380,2.5,,French ham cheese sandwich
327,Escargot,Appetizer,Modern,180,16.5,12.5,6.5,2.5,0.5,0,420,85,1.5,35,3.5,,French snails
328,Foie Gras,Appetizer,Modern,480,11.5,44.5,14.5,4.5,2.5,0,720,5400,2.5,15,18.5,,French duck liver
329,Tarte Tatin,Dessert,Modern,380,3.5,18.5,10.5,52.5,38.5,2.5,280,85,8.5,25,1.2,,French apple tart
330,Creme Brulee,Dessert,Modern,320,4.5,22.5,13.5,26.5,25.5,0,55,380,0,95,0.5,,French burnt cream
331,Macaron,Dessert,Modern,120,2.2,5.5,1.5,16.5,15.5,1.2,25,0,0,20,0.5,,French sandwich cookies
332,Eclair,Dessert,Modern,280,5.5,18.5,10.5,25.5,18.5,0.8,220,220,0,65,1.2,,French cream pastry
333,Madeleine,Dessert,Modern,120,2.2,5.5,2.5,16.5,10.5,0.5,85,85,0.5,25,0.8,,French sponge cake
334,Baguette,Bread,Modern,180,5.5,1.2,0.2,36.5,2.5,2.2,420,0,0,15,2.2,,French bread
335,Brioche,Bread,Modern,320,8.5,14.5,8.5,40.5,12.5,2.2,380,220,0,45,2.5,,French sweet bread
336,Pain au Chocolat,Breakfast,Modern,420,7.5,22.5,13.5,48.5,18.5,2.8,380,180,0,35,2.8,,Chocolate croissant
337,Crepe,Breakfast,Modern,120,4.5,5.5,2.5,14.5,3.5,0.8,180,85,0,65,1.2,,French thin pancake
338,Galette,Main Course,Modern,280,10.5,12.5,5.5,32.5,2.5,3.5,520,120,2.5,85,2.5,,Savory buckwheat crepe
339,Nicoise Salad,Salad,Modern,320,18.5,22.5,3.5,12.5,5.5,4.5,920,280,25.5,85,2.8,,French tuna salad
340,French Onion Soup,Soup,Modern,280,12.5,12.5,6.5,28.5,8.5,2.5,1020,85,8.5,280,1.8,,Onion soup with cheese
341,Moussaka,Main Course,Modern,420,22.5,28.5,10.5,18.5,8.5,3.5,720,220,10.5,180,3.5,,Greek eggplant casserole
342,Souvlaki,Main Course,Modern,320,38.5,16.5,4.5,3.5,2.5,0.8,620,85,12.5,25,3.2,,Greek meat skewer
343,Tzatziki,Condiment,Modern,65,3.5,4.5,2.5,4.5,3.5,0.5,320,85,2.5,85,0.3,,Greek yogurt sauce
344,Dolmades,Appetizer,Modern,180,3.5,8.5,1.2,24.5,3.5,2.8,520,120,15.5,45,2.2,,Stuffed grape leaves
345,Spanakopita,Snack,Modern,280,8.5,18.5,7.5,22.5,2.5,2.2,620,420,5.5,180,3.5,,Greek spinach pie
346,Baklava,Dessert,Modern,420,6.5,22.5,5.5,52.5,38.5,2.8,280,85,2.5,45,2.5,,Greek layered pastry
347,Loukoumades,Dessert,Modern,380,5.5,18.5,3.5,50.5,28.5,1.8,320,0,1.5,35,2.2,,Greek honey puffs
348,Feta Cheese,Dairy,Modern,280,14.5,22.5,15.5,4.5,4.5,0,1120,220,0,493,0.7,,Greek brined cheese
349,Greek Salad,Salad,Modern,180,4.5,14.5,4.5,10.5,6.5,3.5,720,180,28.5,120,1.8,,Horiatiki salad
350,Gyros,Fast Food,Modern,520,28.5,32.5,10.5,32.5,4.5,2.8,980,180,12.5,85,3.8,,Greek wrapped meat
351,Kleftiko,Main Course,Modern,480,52.5,28.5,10.5,3.5,2.5,0.8,620,120,8.5,35,4.5,,Greek slow cooked lamb
352,Pastitsio,Main Course,Modern,420,20.5,22.5,9.5,35.5,6.5,2.5,720,180,5.5,220,3.2,,Greek pasta bake
353,Stifado,Stew,Modern,380,35.5,20.5,6.5,12.5,6.5,2.8,720,220,15.5,65,4.2,,Greek beef stew
354,Taramasalata,Appetizer,Modern,320,3.5,32.5,4.5,6.5,1.5,0.5,820,120,3.5,35,0.8,,Greek fish roe dip
355,Saganaki,Appetizer,Modern,380,22.5,30.5,18.5,4.5,3.5,0,920,280,0,620,0.5,,Fried Greek cheese
356,Avgolemono,Soup,Modern,120,5.5,6.5,1.5,12.5,1.5,0.8,620,120,18.5,35,1.2,,Greek lemon soup
357,Koulouri,Snack,Modern,220,6.5,3.5,0.5,42.5,2.5,2.2,620,0,0,85,2.5,,Greek sesame bread ring
358,Galaktoboureko,Dessert,Modern,380,6.5,18.5,9.5,48.5,35.5,0.8,220,180,2.5,120,1.2,,Greek custard pastry
359,Melomakarona,Dessert,Modern,380,4.5,18.5,3.5,52.5,32.5,2.2,180,0,2.5,35,1.8,,Greek honey cookies
360,Kourabiedes,Dessert,Modern,420,5.5,22.5,8.5,50.5,22.5,2.5,120,120,0,45,2.2,,Greek almond cookies
361,Doner Kebab,Fast Food,Modern,520,32.5,35.5,12.5,22.5,3.5,2.2,1020,120,8.5,85,4.2,,Turkish rotating meat
362,Lahmacun,Fast Food,Modern,280,12.5,10.5,3.5,35.5,4.5,3.2,620,180,12.5,45,2.8,,Turkish pizza
363,Manti,Main Course,Modern,380,18.5,15.5,6.5,42.5,4.5,2.5,720,120,3.5,120,3.2,,Turkish dumplings
364,Imam Bayildi,Main Course,Modern,220,2.5,16.5,2.5,17.5,9.5,4.5,420,120,18.5,35,1.5,,Stuffed eggplant
365,Kofte,Main Course,Modern,380,35.5,24.5,8.5,6.5,2.5,1.5,720,120,5.5,45,4.2,,Turkish meatballs
366,Pide,Main Course,Modern,420,18.5,18.5,7.5,48.5,3.5,2.8,820,180,5.5,220,3.5,,Turkish boat bread
367,Borek,Snack,Modern,320,10.5,20.5,8.5,26.5,2.5,1.8,620,220,3.5,120,2.2,,Turkish savory pastry
368,Gozleme,Snack,Modern,280,12.5,10.5,4.5,36.5,3.5,2.5,580,180,8.5,180,2.8,,Turkish stuffed flatbread
369,Simit,Snack,Modern,280,8.5,6.5,1.2,50.5,3.5,3.2,820,0,0,120,3.5,,Turkish sesame bagel
370,Menemen,Breakfast,Modern,180,10.5,12.5,3.5,8.5,5.5,2.2,520,220,28.5,85,2.5,,Turkish scrambled eggs
371,Ayran,Drink,Modern,85,3.5,3.5,2.2,8.5,7.5,0,420,85,1.5,120,0.2,,Turkish yogurt drink
372,Turkish Delight,Dessert,Modern,320,0.5,0,0,82.5,72.5,0.5,15,0,2.5,5,0.2,,Lokum candy
373,Kunefe,Dessert,Modern,480,10.5,22.5,12.5,62.5,42.5,1.2,420,120,0,180,1.5,,Turkish cheese pastry
374,Sutlac,Dessert,Modern,220,6.5,6.5,3.5,35.5,28.5,0.5,95,120,1.5,180,0.5,,Turkish rice pudding
375,Ashure,Dessert,Modern,320,6.5,8.5,1.5,58.5,32.5,5.5,120,85,8.5,65,2.5,,Noah's pudding
376,Tulumba,Dessert,Modern,380,3.5,15.5,3.5,58.5,42.5,0.8,280,0,0,25,1.5,,Turkish fried dough
377,Iskender Kebab,Main Course,Modern,580,42.5,38.5,15.5,18.5,5.5,2.5,980,280,12.5,120,4.8,,Kebab with yogurt sauce
378,Adana Kebab,Main Course,Modern,420,38.5,28.5,10.5,3.5,2.5,1.2,820,180,8.5,35,4.5,,Spicy Turkish kebab
379,Shish Kebab,Main Course,Modern,320,42.5,15.5,5.5,2.5,1.5,0.8,620,85,5.5,25,3.8,,Turkish skewered meat
380,Meze,Appetizer,Modern,280,8.5,20.5,5.5,16.5,5.5,3.5,720,220,12.5,85,2.2,,Turkish appetizer platter
381,Dolma,Main Course,Modern,320,18.5,18.5,5.5,22.5,4.5,3.2,620,180,12.5,65,3.2,,Stuffed vegetables
382,Mercimek,Soup,Modern,220,12.5,6.5,1.2,32.5,4.5,8.5,620,220,8.5,45,4.5,,Turkish lentil soup
383,Cacik,Side Dish,Modern,85,4.5,5.5,3.5,6.5,5.5,1.2,380,120,3.5,120,0.5,,Turkish cucumber yogurt
384,Pilav,Side Dish,Modern,280,5.5,8.5,1.5,46.5,1.5,1.8,420,0,0,20,1.8,,Turkish rice
385,Bulgur Pilavi,Side Dish,Modern,240,6.5,5.5,1.2,42.5,2.5,8.5,380,85,2.5,35,2.5,,Bulgur wheat pilaf
386,Kisir,Salad,Modern,220,5.5,10.5,1.5,28.5,4.5,5.5,480,180,22.5,45,2.8,,Turkish bulgur salad
387,Tabbouleh,Salad,Modern,180,3.5,12.5,1.8,16.5,3.5,4.5,420,220,38.5,55,3.2,,Middle Eastern parsley salad
388,Hummus,Appetizer,Modern,220,8.5,10.5,1.5,25.5,4.5,6.5,380,0,8.5,45,3.5,,Chickpea dip
389,Baba Ganoush,Appetizer,Modern,180,2.5,14.5,2.2,12.5,5.5,4.5,420,85,8.5,35,1.2,,Eggplant dip
390,Falafel,Snack,Modern,320,12.5,18.5,2.5,32.5,5.5,7.5,620,85,3.5,85,4.2,,Fried chickpea balls
391,Kibbeh,Main Course,Modern,380,22.5,20.5,6.5,28.5,3.5,4.5,620,120,5.5,45,3.8,,Bulgur meat croquette
392,Fattoush,Salad,Modern,220,4.5,14.5,2.5,20.5,5.5,4.5,520,220,28.5,65,2.5,,Levantine bread salad
393,Muhammara,Appetizer,Modern,180,3.5,14.5,1.8,11.5,5.5,3.5,380,380,85.5,35,2.2,,Red pepper walnut dip
394,Zaatar,Condiment,Modern,45,1.5,3.5,0.5,3.5,0.5,2.5,15,120,8.5,85,3.5,,Middle Eastern spice blend
395,Manakeesh,Breakfast,Modern,280,8.5,12.5,3.5,36.5,2.5,2.8,620,85,2.5,120,3.2,,Levantine flatbread
396,Knafeh,Dessert,Modern,420,8.5,20.5,10.5,54.5,38.5,1.5,520,120,0,180,1.8,,Middle Eastern cheese pastry
397,Maamoul,Dessert,Modern,380,5.5,18.5,6.5,50.5,22.5,2.5,120,0,0,35,1.8,,Date filled cookies
398,Halva,Dessert,Modern,520,12.5,32.5,5.5,50.5,38.5,3.5,85,0,1.5,120,4.5,,Sesame sweet
399,Arak,Drink,Modern,220,0,0,0,0,0,0,5,0,0,5,0,,Anise flavored spirit
400,Arabic Coffee,Drink,Modern,5,0.2,0.1,0,0.8,0.5,0,5,0,1.5,5,0.2,,Cardamom coffee
401,Schnitzel,Main Course,Modern,420,32.5,22.5,4.5,22.5,1.5,1.5,620,85,8.5,45,2.8,,Breaded cutlet
402,Bratwurst,Main Course,Modern,380,18.5,32.5,12.5,2.5,1.5,0,980,0,0,25,2.5,,German sausage
403,Sauerkraut,Side Dish,Modern,25,1.2,0.2,0,5.5,2.5,3.5,680,0,35.5,35,1.5,,Fermented cabbage
404,Pretzel,Snack,Modern,280,8.5,2.5,0.5,56.5,2.5,2.8,1820,0,0,25,3.2,,Twisted bread
405,Strudel,Dessert,Modern,320,4.5,12.5,5.5,48.5,28.5,2.5,280,120,8.5,35,1.8,,Layered pastry
406,Spaetzle,Side Dish,Modern,220,8.5,4.5,1.5,38.5,2.5,2.2,420,120,0,45,2.5,,German egg noodles
407,Goulash,Stew,Modern,380,32.5,20.5,6.5,18.5,6.5,3.5,820,280,18.5,65,4.5,,Hungarian beef stew
408,Pierogi,Main Course,Modern,320,10.5,12.5,5.5,42.5,3.5,3.2,620,120,2.5,85,2.8,,Polish dumplings
409,Borscht,Soup,Modern,120,4.5,3.5,1.5,18.5,12.5,3.8,620,120,35.5,45,2.2,,Beet soup
410,Blini,Breakfast,Modern,180,5.5,6.5,2.5,25.5,3.5,1.5,320,85,0,65,1.5,,Russian pancakes
411,Beef Stroganoff,Main Course,Modern,480,35.5,32.5,15.5,12.5,5.5,1.5,820,280,3.5,120,4.5,,Russian beef in cream sauce
412,Chicken Kiev,Main Course,Modern,520,42.5,35.5,16.5,12.5,1.5,0.8,720,420,3.5,45,2.8,,Stuffed chicken breast
413,Pelmeni,Main Course,Modern,380,18.5,15.5,5.5,42.5,2.5,2.5,720,85,2.5,45,3.2,,Russian dumplings
414,Shashlik,Main Course,Modern,320,38.5,17.5,5.5,2.5,1.5,0.8,620,120,8.5,25,3.8,,Russian kebab
415,Olivier Salad,Salad,Modern,320,8.5,22.5,4.5,22.5,4.5,3.5,820,180,12.5,45,2.2,,Russian potato salad
416,Black Bread,Bread,Modern,220,7.5,1.5,0.3,45.5,3.5,6.5,580,0,0,35,3.5,,Russian rye bread
417,Kvass,Drink,Modern,45,0.5,0,0,10.5,8.5,0.5,15,0,2.5,10,0.5,,Fermented bread drink
418,Vareniki,Main Course,Modern,280,8.5,10.5,4.5,38.5,4.5,2.8,520,120,3.5,85,2.2,,Ukrainian dumplings
419,Chicken Paprikash,Main Course,Modern,420,32.5,28.5,12.5,12.5,5.5,2.5,720,480,10.5,120,3.2,,Hungarian chicken stew
420,Langos,Snack,Modern,480,10.5,28.5,5.5,48.5,3.5,2.5,820,85,2.5,85,3.2,,Hungarian fried bread
421,Cevapcici,Main Course,Modern,380,35.5,25.5,9.5,3.5,1.5,0.8,720,85,3.5,35,4.2,,Balkan grilled meat
422,Ajvar,Condiment,Modern,85,1.5,5.5,0.8,8.5,6.5,2.5,320,320,85.5,25,1.5,,Balkan pepper spread
423,Shopska Salad,Salad,Modern,180,8.5,12.5,6.5,10.5,6.5,3.5,620,180,28.5,220,1.8,,Bulgarian salad
424,Musaka,Main Course,Modern,420,20.5,28.5,10.5,20.5,8.5,3.8,720,220,12.5,180,3.8,,Balkan casserole
425,Sarma,Main Course,Modern,320,18.5,20.5,6.5,18.5,4.5,3.2,720,220,25.5,65,3.5,,Cabbage rolls
426,Burek,Snack,Modern,420,12.5,25.5,10.5,38.5,2.5,2.2,720,180,2.5,120,3.2,,Balkan phyllo pie
427,Karadjordjeva,Main Course,Modern,580,42.5,38.5,15.5,18.5,3.5,1.5,920,280,5.5,180,4.2,,Serbian breaded cutlet
428,Pljeskavica,Main Course,Modern,480,42.5,32.5,12.5,3.5,2.5,1.2,820,120,5.5,45,4.8,,Serbian burger
429,Raznjici,Main Course,Modern,380,40.5,22.5,7.5,2.5,1.5,0.8,680,85,5.5,30,4.2,,Serbian skewers
430,Gibanica,Breakfast,Modern,380,15.5,22.5,10.5,28.5,3.5,1.8,720,220,2.5,280,2.5,,Serbian cheese pie
431,Fish and Chips,Main Course,Modern,520,22.5,28.5,4.5,48.5,2.5,3.8,820,85,12.5,45,2.5,,British fried fish
432,Shepherd's Pie,Main Course,Modern,420,22.5,20.5,8.5,35.5,5.5,4.5,720,220,8.5,85,3.8,,British meat pie
433,Bangers and Mash,Main Course,Modern,520,18.5,32.5,12.5,38.5,5.5,4.2,980,120,3.5,65,3.2,,Sausages with mashed potato
434,Yorkshire Pudding,Side Dish,Modern,120,4.5,3.5,1.2,18.5,2.5,1.2,220,85,0,45,1.2,,British baked batter
435,Cornish Pasty,Snack,Modern,480,15.5,28.5,12.5,42.5,3.5,3.2,820,120,5.5,65,3.5,,British meat pastry
436,Scotch Egg,Snack,Modern,380,20.5,28.5,8.5,12.5,1.5,1.2,720,220,0,55,3.2,,Egg wrapped in sausage
437,Toad in Hole,Main Course,Modern,420,18.5,22.5,8.5,38.5,4.5,2.5,820,85,2.5,85,2.8,,Sausages in Yorkshire pudding
438,Bubble and Squeak,Side Dish,Modern,180,4.5,10.5,2.5,18.5,3.5,3.8,420,120,35.5,45,1.8,,Fried leftover vegetables
439,Black Pudding,Breakfast,Modern,380,15.5,28.5,10.5,18.5,1.5,1.2,1020,0,0,25,15.5,,Blood sausage
440,Haggis,Main Course,Modern,420,18.5,28.5,11.5,22.5,2.5,3.5,920,820,2.5,45,8.5,,Scottish savory pudding
441,Colcannon,Side Dish,Modern,220,4.5,10.5,5.5,28.5,3.5,3.8,420,120,35.5,85,1.8,,Irish potato and cabbage
442,Irish Stew,Stew,Modern,380,28.5,18.5,7.5,22.5,5.5,3.5,720,320,12.5,65,3.8,,Irish lamb stew
443,Boxty,Breakfast,Modern,220,4.5,8.5,2.5,32.5,2.5,2.8,420,0,8.5,25,1.5,,Irish potato pancake
444,Coddle,Stew,Modern,420,22.5,28.5,10.5,18.5,4.5,3.2,1020,120,8.5,65,2.8,,Irish sausage stew
445,Soda Bread,Bread,Modern,220,5.5,2.5,0.8,45.5,3.5,2.8,620,0,0,45,2.2,,Irish quick bread
446,Welsh Rarebit,Snack,Modern,320,15.5,20.5,12.5,18.5,3.5,1.5,720,280,2.5,380,1.8,,Cheese on toast
447,Cullen Skink,Soup,Modern,320,22.5,18.5,8.5,15.5,5.5,1.8,820,180,5.5,120,1.5,,Scottish smoked haddock soup
448,Neeps and Tatties,Side Dish,Modern,180,2.5,6.5,3.5,28.5,6.5,4.5,320,120,25.5,45,1.2,,Turnips and potatoes
449,Sticky Toffee Pudding,Dessert,Modern,420,4.5,15.5,8.5,68.5,52.5,2.5,380,220,2.5,85,1.8,,British date cake
450,Eton Mess,Dessert,Modern,380,3.5,22.5,14.5,42.5,38.5,1.8,65,120,85.5,85,0.8,,Strawberries cream meringue
451,Trifle,Dessert,Modern,320,4.5,12.5,7.5,48.5,38.5,1.5,180,85,15.5,120,1.2,,Layered dessert
452,Mince Pie,Dessert,Modern,380,3.5,15.5,6.5,58.5,38.5,2.5,280,85,8.5,35,1.8,,Christmas fruit pie
453,Christmas Pudding,Dessert,Modern,420,4.5,12.5,5.5,72.5,52.5,3.5,320,120,15.5,65,2.5,,Traditional fruit pudding
454,Battenberg Cake,Dessert,Modern,380,4.5,12.5,5.5,62.5,48.5,1.2,280,120,0,45,1.5,,Checkered sponge cake
455,Victoria Sponge,Dessert,Modern,420,5.5,20.5,10.5,56.5,38.5,1.2,320,220,2.5,85,1.5,,Classic sponge cake
456,Eccles Cake,Dessert,Modern,380,3.5,18.5,7.5,52.5,32.5,2.2,320,0,2.5,35,1.8,,Currant filled pastry
457,Bakewell Tart,Dessert,Modern,420,5.5,20.5,8.5,56.5,38.5,2.5,280,120,2.5,85,1.8,,Almond tart
458,Treacle Tart,Dessert,Modern,480,4.5,18.5,8.5,76.5,58.5,1.5,420,120,0,45,2.2,,Golden syrup tart
459,Spotted Dick,Dessert,Modern,380,5.5,12.5,6.5,62.5,38.5,2.5,420,85,2.5,85,2.2,,Steamed suet pudding
460,Bread and Butter Pudding,Dessert,Modern,320,8.5,12.5,6.5,45.5,28.5,2.2,380,180,2.5,180,2.2,,British bread pudding
461,Welsh Cakes,Dessert,Modern,180,2.5,8.5,3.5,24.5,12.5,1.2,220,85,0,35,1.2,,Griddle cakes
462,Shortbread,Dessert,Modern,520,5.5,28.5,18.5,62.5,22.5,2.2,320,320,0,35,2.5,,Scottish butter cookies
463,Dundee Cake,Dessert,Modern,380,5.5,15.5,6.5,56.5,38.5,2.5,280,120,8.5,65,2.2,,Scottish fruit cake
464,Parkin,Dessert,Modern,380,4.5,12.5,3.5,64.5,42.5,2.2,420,85,2.5,120,4.5,,Ginger cake
465,Rock Cake,Dessert,Modern,320,4.5,12.5,5.5,48.5,22.5,2.2,320,85,2.5,65,1.8,,Fruit scone
466,Crumpet,Breakfast,Modern,120,3.5,0.8,0.2,25.5,2.5,1.5,420,0,0,45,1.5,,Griddle bread
467,English Muffin,Breakfast,Modern,140,5.5,1.2,0.3,27.5,2.5,2.2,280,0,0,85,2.2,,Round flat bread
468,Scone,Breakfast,Modern,380,6.5,18.5,11.5,48.5,12.5,2.2,620,220,1.5,120,2.2,,British quick bread
469,Clotted Cream,Condiment,Modern,580,2.5,63.5,39.5,2.5,2.5,0,15,820,0,85,0.2,,Thick cream
470,Piccalilli,Condiment,Modern,85,1.2,0.5,0.1,18.5,12.5,2.5,820,85,25.5,35,1.2,,Pickled vegetables
471,Branston Pickle,Condiment,Modern,120,0.8,0.2,0,28.5,22.5,1.8,680,45,8.5,20,0.8,,Sweet pickle relish
472,HP Sauce,Condiment,Modern,95,1.2,0.2,0,22.5,18.5,0.8,920,85,5.5,25,1.5,,Brown sauce
473,Custard,Dessert,Modern,120,3.5,3.5,2.2,20.5,18.5,0,85,120,0,120,0.3,,British pudding sauce
474,Clafoutis,Dessert,Modern,220,5.5,6.5,3.5,35.5,22.5,1.8,180,120,12.5,85,1.2,,French fruit tart
475,Profiterole,Dessert,Modern,380,6.5,28.5,16.5,26.5,18.5,0.8,220,320,0,85,1.5,,Cream puff
476,Mille-feuille,Dessert,Modern,420,5.5,28.5,16.5,38.5,22.5,1.2,280,280,2.5,85,1.5,,Napoleon cake
477,Opera Cake,Dessert,Modern,480,6.5,28.5,15.5,52.5,42.5,2.5,180,220,0,65,2.2,,French layered cake
478,Palmier,Dessert,Modern,520,5.5,28.5,16.5,62.5,28.5,2.2,420,220,0,35,2.8,,Elephant ear pastry
479,Financier,Dessert,Modern,180,3.5,10.5,4.5,18.5,14.5,0.8,85,120,0,35,0.8,,Almond cake
480,Cannele,Dessert,Modern,220,3.5,8.5,3.5,33.5,28.5,0.5,85,120,1.5,85,0.8,,French pastry
481,Clementine Cake,Dessert,Modern,380,6.5,22.5,3.5,40.5,32.5,2.5,180,85,35.5,85,1.8,,Citrus almond cake
482,Sachertorte,Dessert,Modern,420,5.5,18.5,9.5,60.5,48.5,2.8,180,120,0,45,2.5,,Austrian chocolate cake
483,Linzer Torte,Dessert,Modern,380,5.5,20.5,8.5,45.5,28.5,3.5,220,85,15.5,65,2.2,,Austrian jam tart
484,Kaiserschmarrn,Dessert,Modern,380,10.5,15.5,6.5,52.5,22.5,1.8,320,220,2.5,120,2.2,,Shredded pancake
485,Apfelstrudel,Dessert,Modern,280,3.5,10.5,4.5,44.5,28.5,2.8,280,85,12.5,35,1.5,,Apple strudel
486,Lebkuchen,Dessert,Modern,380,5.5,12.5,2.5,62.5,38.5,2.8,320,0,2.5,65,2.5,,German gingerbread
487,Stollen,Dessert,Modern,420,6.5,18.5,8.5,58.5,32.5,3.2,380,120,8.5,65,2.5,,German Christmas bread
488,Black Forest Cake,Dessert,Modern,480,5.5,28.5,16.5,52.5,38.5,2.2,280,120,15.5,65,2.5,,German chocolate cake
489,Baumkuchen,Dessert,Modern,420,6.5,20.5,10.5,54.5,32.5,1.2,320,220,0,65,2.2,,Tree cake
490,Berliner,Dessert,Modern,380,6.5,18.5,5.5,48.5,22.5,1.8,320,120,2.5,45,2.2,,German jelly donut
491,Rote Grutze,Dessert,Modern,180,1.5,0.5,0.1,43.5,38.5,3.5,10,45,65.5,25,1.2,,Red fruit pudding
492,Spatzle,Side Dish,Modern,220,8.5,4.5,1.5,38.5,2.5,2.2,420,120,0,45,2.5,,German egg noodles
493,Kartoffelpuffer,Side Dish,Modern,280,4.5,15.5,2.5,32.5,2.5,2.8,520,0,15.5,25,1.5,,Potato pancakes
494,Sauerbraten,Main Course,Modern,380,42.5,18.5,5.5,12.5,6.5,1.5,820,120,8.5,45,4.5,,German pot roast
495,Rouladen,Main Course,Modern,420,38.5,25.5,8.5,8.5,3.5,1.5,920,180,5.5,45,4.2,,Beef roll ups
496,Eisbein,Main Course,Modern,580,42.5,42.5,15.5,2.5,1.5,0,1020,0,2.5,35,3.5,,Pork knuckle
497,Currywurst,Fast Food,Modern,480,18.5,38.5,14.5,18.5,12.5,2.5,1280,220,18.5,45,3.2,,Curry sausage
498,Leberwurst,Spread,Modern,380,15.5,34.5,12.5,3.5,2.5,0,980,5200,3.5,25,12.5,,Liver sausage
499,Weisswurst,Main Course,Modern,320,14.5,28.5,10.5,2.5,1.5,0,820,0,0,35,1.5,,White sausage
500,Knodel,Side Dish,Modern,220,5.5,6.5,2.5,36.5,2.5,2.5,520,0,0,35,1.8,,Bread dumplings
501,Chili Con Carne,Main Course,Modern,380,28.5,18.5,6.5,25.5,6.5,8.5,820,220,12.5,120,4.8,,Spicy meat and bean stew
502,Mac and Cheese,Main Course,Modern,420,18.5,20.5,12.5,42.5,4.5,2.2,820,280,0,380,2.5,,Macaroni with cheese sauce
503,Meatloaf,Main Course,Modern,380,28.5,25.5,9.5,12.5,4.5,1.5,820,120,5.5,65,3.5,,Baked ground meat dish
504,Pot Roast,Main Course,Modern,420,45.5,22.5,8.5,8.5,3.5,2.5,720,320,12.5,45,4.8,,Braised beef roast
505,Biscuits and Gravy,Breakfast,Modern,480,15.5,28.5,10.5,42.5,3.5,2.2,1020,120,2.5,120,3.2,,Southern breakfast dish
506,Grits,Breakfast,Modern,180,3.5,6.5,3.5,28.5,1.5,1.2,520,120,0,15,1.5,,Southern corn porridge
507,Jambalaya,Main Course,Modern,420,25.5,15.5,4.5,42.5,5.5,3.5,920,280,18.5,65,3.8,,Louisiana rice dish
508,Gumbo,Stew,Modern,380,28.5,20.5,5.5,22.5,5.5,3.8,820,320,15.5,85,4.2,,Louisiana stew
509,Po'boy,Sandwich,Modern,520,28.5,25.5,5.5,48.5,5.5,3.2,1020,180,12.5,120,4.2,,New Orleans sandwich
510,Beignet,Dessert,Modern,420,5.5,20.5,4.5,54.5,28.5,1.8,380,0,0,45,2.2,,New Orleans donut
511,Cornbread,Bread,Modern,220,4.5,8.5,2.5,32.5,8.5,2.5,520,120,0,85,1.8,,Southern corn bread
512,Hush Puppies,Side Dish,Modern,320,5.5,18.5,3.5,35.5,4.5,2.2,620,0,0,85,2.2,,Fried cornmeal balls
513,Fried Green Tomatoes,Appetizer,Modern,280,4.5,18.5,3.5,26.5,4.5,2.8,520,120,18.5,45,1.8,,Southern fried tomatoes
514,Shrimp and Grits,Main Course,Modern,480,28.5,28.5,12.5,28.5,3.5,2.2,920,320,5.5,180,3.5,,Southern seafood dish
515,Pulled Pork,Main Course,Modern,420,35.5,28.5,10.5,3.5,2.5,0,820,0,2.5,25,3.2,,Slow cooked shredded pork
516,BBQ Ribs,Main Course,Modern,580,42.5,42.5,15.5,6.5,5.5,0,920,85,3.5,45,4.5,,Barbecued pork ribs
517,Brisket,Main Course,Modern,520,48.5,35.5,14.5,0,0,0,95,0,0,15,5.2,,Slow cooked beef
518,Coleslaw,Side Dish,Modern,180,1.5,14.5,2.5,12.5,10.5,2.8,280,85,42.5,45,0.8,,Cabbage salad
519,Potato Salad,Side Dish,Modern,280,3.5,18.5,3.5,26.5,4.5,2.5,620,85,12.5,35,1.5,,American potato salad
520,Deviled Eggs,Appetizer,Modern,140,6.5,10.5,2.5,1.5,1.5,0,180,180,0,25,0.8,,Stuffed boiled eggs
521,Apple Pie,Dessert,Modern,380,3.5,15.5,6.5,58.5,32.5,3.5,380,85,12.5,20,1.8,,American fruit pie
522,Pecan Pie,Dessert,Modern,520,6.5,28.5,5.5,64.5,42.5,3.5,320,120,2.5,45,2.5,,Southern nut pie
523,Pumpkin Pie,Dessert,Modern,320,5.5,12.5,5.5,48.5,32.5,3.5,380,680,3.5,120,2.2,,Thanksgiving dessert
524,Key Lime Pie,Dessert,Modern,420,6.5,20.5,12.5,54.5,45.5,0.8,320,220,12.5,85,1.2,,Florida citrus pie
525,Cheesecake,Dessert,Modern,480,8.5,32.5,18.5,40.5,32.5,0.5,380,380,1.5,120,1.2,,American cream cheese cake
526,Brownies,Dessert,Modern,420,5.5,20.5,8.5,58.5,42.5,2.8,280,120,0,45,2.8,,Chocolate squares
527,Chocolate Chip Cookies,Dessert,Modern,480,5.5,22.5,10.5,68.5,38.5,2.5,380,120,0,45,2.8,,American cookies
528,S'mores,Dessert,Modern,380,4.5,12.5,5.5,68.5,48.5,2.2,320,0,0,85,2.5,,Campfire dessert
529,Rice Krispies Treats,Dessert,Modern,180,1.5,4.5,2.5,35.5,18.5,0.5,180,480,6.5,5,4.5,,Marshmallow cereal bars
530,Banana Split,Dessert,Modern,520,8.5,22.5,14.5,76.5,62.5,3.5,180,280,38.5,180,1.5,,Ice cream sundae
531,Milkshake,Drink,Modern,420,10.5,15.5,9.5,62.5,58.5,0,280,320,2.5,380,0.5,,Blended ice cream drink
532,Root Beer Float,Drink,Modern,280,3.5,8.5,5.5,48.5,45.5,0,120,120,0,120,0.2,,Ice cream soda
533,Smoothie,Drink,Modern,220,5.5,2.5,0.5,48.5,38.5,4.5,85,180,85.5,120,1.5,,Blended fruit drink
534,Iced Tea,Drink,Modern,85,0,0,0,22.5,22.5,0,10,0,0,5,0.1,,Cold tea drink
535,Lemonade,Drink,Modern,120,0.2,0,0,32.5,30.5,0.5,10,0,15.5,10,0.1,,Lemon drink
536,Arnold Palmer,Drink,Modern,100,0.1,0,0,27.5,26.5,0.2,10,0,8.5,8,0.1,,Tea lemonade mix
537,Bloody Mary,Drink,Modern,125,1.5,0,0,6.5,4.5,1.2,680,120,22.5,20,0.8,,Tomato vodka cocktail
538,Margarita,Drink,Modern,280,0.5,0.2,0,18.5,16.5,0,320,0,12.5,10,0.1,,Tequila lime cocktail
539,Mojito,Drink,Modern,220,0.5,0,0,22.5,20.5,0.5,10,45,15.5,15,0.5,,Rum mint cocktail
540,Pina Colada,Drink,Modern,320,1.5,8.5,7.5,42.5,40.5,1.2,15,45,8.5,25,0.5,,Coconut rum cocktail
541,Caesar,Drink,Modern,180,1.5,0,0,8.5,6.5,1.5,920,180,18.5,25,1.2,,Canadian cocktail
542,Bellini,Drink,Modern,180,0.5,0,0,18.5,16.5,0.8,5,85,8.5,10,0.2,,Peach prosecco cocktail
543,Mimosa,Drink,Modern,120,0.5,0,0,12.5,10.5,0.2,5,45,35.5,10,0.1,,Orange champagne cocktail
544,Sangria,Drink,Modern,180,0.5,0,0,20.5,18.5,0.8,15,45,15.5,20,0.5,,Spanish wine punch
545,Irish Coffee,Drink,Modern,220,1.5,8.5,5.5,12.5,10.5,0,25,120,0,25,0.2,,Coffee with whiskey
546,Espresso Martini,Drink,Modern,280,0.5,0,0,22.5,20.5,0,10,0,0,5,0.3,,Coffee vodka cocktail
547,Manhattan,Drink,Modern,180,0,0,0,3.5,2.5,0,5,0,0,5,0.2,,Whiskey vermouth cocktail
548,Old Fashioned,Drink,Modern,160,0,0,0,4.5,4.5,0,5,0,0,5,0.1,,Whiskey bitters cocktail
549,Cosmopolitan,Drink,Modern,220,0,0,0,14.5,12.5,0,5,0,12.5,5,0.1,,Vodka cranberry cocktail
550,Daiquiri,Drink,Modern,180,0,0,0,8.5,7.5,0,5,0,8.5,5,0.1,,Rum lime cocktail
551,Whiskey Sour,Drink,Modern,180,0.5,0,0,10.5,9.5,0,10,0,12.5,10,0.1,,Whiskey lemon cocktail
552,Gin and Tonic,Drink,Modern,180,0,0,0,14.5,14.5,0,10,0,0,5,0,,Gin tonic water
553,Rum and Coke,Drink,Modern,220,0,0,0,22.5,22.5,0,10,0,0,5,0,,Rum cola mix
554,Long Island Iced Tea,Drink,Modern,280,0,0,0,18.5,17.5,0,10,0,8.5,5,0.1,,Multi-liquor cocktail
555,Mai Tai,Drink,Modern,320,0.5,0,0,28.5,26.5,0,10,0,8.5,10,0.2,,Tropical rum cocktail
556,Blue Hawaiian,Drink,Modern,340,1.5,7.5,6.5,34.5,32.5,0.8,15,45,12.5,20,0.3,,Blue tropical cocktail
557,Sex on the Beach,Drink,Modern,280,0.5,0,0,28.5,26.5,0,10,45,15.5,10,0.1,,Vodka peach cocktail
558,Tequila Sunrise,Drink,Modern,230,0.5,0,0,24.5,22.5,0.2,10,45,18.5,10,0.2,,Tequila orange cocktail
559,White Russian,Drink,Modern,360,3.5,15.5,9.5,28.5,26.5,0,65,180,0,85,0.2,,Vodka coffee liqueur cream
560,Black Russian,Drink,Modern,220,0,0,0,16.5,15.5,0,5,0,0,5,0.1,,Vodka coffee liqueur
561,Negroni,Drink,Modern,190,0,0,0,8.5,7.5,0,5,0,0,5,0.2,,Gin Campari vermouth
562,Aperol Spritz,Drink,Modern,180,0,0,0,18.5,16.5,0,10,0,2.5,10,0.1,,Aperol prosecco cocktail
563,Paloma,Drink,Modern,180,0,0,0,14.5,12.5,0,320,0,15.5,10,0.1,,Tequila grapefruit cocktail
564,Moscow Mule,Drink,Modern,180,0,0,0,14.5,13.5,0,10,0,3.5,10,0.1,,Vodka ginger beer
565,Dark and Stormy,Drink,Modern,180,0,0,0,18.5,17.5,0,10,0,2.5,10,0.2,,Rum ginger beer
566,Mint Julep,Drink,Modern,180,0,0,0,8.5,7.5,0,5,45,8.5,15,0.5,,Bourbon mint cocktail
567,Sazerac,Drink,Modern,180,0,0,0,2.5,1.5,0,5,0,0,5,0.1,,Rye whiskey cocktail
568,Sidecar,Drink,Modern,220,0,0,0,10.5,9.5,0,5,0,8.5,5,0.1,,Cognac orange cocktail
569,French 75,Drink,Modern,180,0,0,0,10.5,9.5,0,10,0,12.5,10,0.1,,Gin champagne cocktail
570,Ramos Gin Fizz,Drink,Modern,280,2.5,8.5,5.5,18.5,16.5,0,65,120,12.5,45,0.2,,Gin cream cocktail
571,Tom Collins,Drink,Modern,180,0,0,0,14.5,13.5,0,10,0,12.5,10,0.1,,Gin lemon cocktail
572,Brandy Alexander,Drink,Modern,320,2.5,12.5,7.5,18.5,16.5,0,45,180,0,65,0.2,,Brandy cream cocktail
573,Grasshopper,Drink,Modern,280,2.5,10.5,6.5,22.5,20.5,0,45,180,0,65,0.2,,Mint chocolate cocktail
574,Mudslide,Drink,Modern,480,4.5,18.5,11.5,48.5,45.5,0.5,120,280,0,120,0.5,,Chocolate cream cocktail
575,Fuzzy Navel,Drink,Modern,180,0.5,0,0,22.5,20.5,0.2,5,45,35.5,10,0.1,,Peach schnapps orange
576,Kamikaze,Drink,Modern,180,0,0,0,8.5,7.5,0,5,0,8.5,5,0.1,,Vodka triple sec lime
577,Lemon Drop,Drink,Modern,220,0,0,0,18.5,17.5,0,10,0,12.5,5,0.1,,Vodka lemon cocktail
578,Appletini,Drink,Modern,240,0,0,0,18.5,17.5,0,5,0,2.5,5,0.1,,Apple vodka martini
579,Espresso,Drink,Modern,5,0.3,0.2,0,0.8,0.5,0,5,0,2.5,5,0.3,,Strong coffee
580,Cappuccino,Drink,Modern,120,6.5,6.5,3.5,10.5,10.5,0,85,180,0,180,0.2,,Coffee with steamed milk
581,Latte,Drink,Modern,180,9.5,9.5,5.5,15.5,14.5,0,120,280,0,280,0.3,,Coffee with milk
582,Americano,Drink,Modern,10,0.5,0,0,1.5,0,0,10,0,5.5,10,0.5,,Diluted espresso
583,Macchiato,Drink,Modern,85,3.5,4.5,2.5,7.5,7.5,0,55,85,0,85,0.2,,Espresso with foam
584,Flat White,Drink,Modern,120,6.5,7.5,4.5,9.5,9.5,0,85,180,0,180,0.2,,Strong milky coffee
585,Cortado,Drink,Modern,85,4.5,4.5,2.5,6.5,6.5,0,55,120,0,120,0.2,,Equal parts espresso milk
586,Gibraltar,Drink,Modern,95,4.5,5.5,3.5,7.5,7.5,0,65,120,0,120,0.2,,Cortado in glass
587,Piccolo,Drink,Modern,65,3.5,3.5,2.2,5.5,5.5,0,45,85,0,85,0.1,,Small latte
588,Affogato,Dessert,Modern,180,2.5,8.5,5.5,22.5,20.5,0,45,120,0,65,0.3,,Coffee ice cream
589,Irish Coffee,Drink,Modern,220,1.5,8.5,5.5,12.5,10.5,0,25,120,0,25,0.2,,Coffee whiskey cream
590,Turkish Coffee,Drink,Modern,25,0.5,0.5,0.2,4.5,4.5,0,10,0,0,10,0.5,,Unfiltered coffee
591,Vietnamese Coffee,Drink,Modern,180,3.5,6.5,4.5,28.5,26.5,0,65,120,0,85,0.5,,Coffee condensed milk
592,Cold Brew,Drink,Modern,5,0.3,0,0,1.2,0,0,5,0,2.5,5,0.3,,Cold extracted coffee
593,Nitro Coffee,Drink,Modern,5,0.3,0,0,1.2,0,0,5,0,2.5,5,0.3,,Nitrogen infused coffee
594,Bulletproof Coffee,Drink,Modern,320,0.5,35.5,22.5,0.5,0,0,5,0,0,5,0.3,,Coffee with butter
595,Chai Latte,Drink,Modern,220,8.5,8.5,5.5,28.5,26.5,0,120,220,0,280,0.5,,Spiced tea latte
596,Matcha Latte,Drink,Modern,180,8.5,7.5,4.5,22.5,20.5,1.5,120,320,0,280,0.5,,Green tea latte
597,Golden Milk,Drink,Modern,180,6.5,9.5,6.5,18.5,16.5,0,95,180,2.5,280,1.5,,Turmeric milk
598,Hot Chocolate,Drink,Modern,280,10.5,12.5,7.5,35.5,32.5,2.5,180,280,2.5,320,2.2,,Chocolate milk drink
599,Horchata,Drink,Modern,120,1.5,3.5,0.5,24.5,18.5,0.8,35,85,2.5,45,0.8,,Rice cinnamon drink
600,Bubble Tea,Drink,Modern,280,2.5,5.5,3.5,62.5,48.5,0.5,85,0,2.5,85,0.5,,Tea with tapioca pearls